{
  "name": "file upload input",
  "default": {
    "id": 1,
    "name": "file upload input",
    "label": "Choose file"
  },
  "variants": [
    {
      "id": 2,
      "name": "file upload input disabled",
      "label": "Choose file",
      "isDisabled": true
    },
    {
      "id": 3,
      "name": "file upload input with very long label",
      "label": "Lorem ipsum dolor, sit amet consectetur adipisicing elit. Vitae omnis labore consequatur distinctio provident voluptatum nisi recusandae quod asperiores quo, architecto cum nesciunt nemo, vel minima possimus et blanditiis numquam, cupiditate deserunt fugit delectus earum ducimus alias! Quam atque laborum tempore alias magnam tenetur fuga facere totam, harum, ipsa sit!"
    },
    {
      "id": 4,
      "name": "file upload input with very long label disabled",
      "label": "Lorem ipsum dolor, sit amet consectetur adipisicing elit. Vitae omnis labore consequatur distinctio provident voluptatum nisi recusandae quod asperiores quo, architecto cum nesciunt nemo, vel minima possimus et blanditiis numquam, cupiditate deserunt fugit delectus earum ducimus alias! Quam atque laborum tempore alias magnam tenetur fuga facere totam, harum, ipsa sit!",
      "isDisabled": true
    }
  ]
}
