{
  "name": "notification",
  "default": {
    "name": "Bar (default notification)"
  },
  "variants": [
    {
      "name": "Bar with icon",
      "iconName": "emoji-happy"
    },
    {
      "name": "Bar success",
      "type": "success",
      "iconName": "alert-success"
    },
    {
      "name": "Bar warning",
      "type": "warning",
      "iconName": "alert-warning"
    },
    {
      "name": "Bar error",
      "type": "error",
      "iconName": "alert-error"
    },
    {
      "name": "Banner info without icon",
      "demonstrator": "bannerNotificationDemonstrator",
      "notificationId": "banner-example-01",
      "type": "neutral"
    },
    {
      "name": "Banner info",
      "demonstrator": "bannerNotificationDemonstrator",
      "notificationId": "banner-example-02",
      "type": "neutral",
      "iconName": "emoji-happy"
    },
    {
      "name": "Banner success",
      "demonstrator": "bannerNotificationDemonstrator",
      "notificationId": "banner-example-03",
      "type": "success",
      "iconName": "alert-success"
    },
    {
      "name": "Banner warning",
      "demonstrator": "bannerNotificationDemonstrator",
      "notificationId": "banner-example-04",
      "type": "warning",
      "iconName": "alert-warning"
    },
    {
      "name": "Banner error",
      "demonstrator": "bannerNotificationDemonstrator",
      "notificationId": "banner-example-05",
      "type": "error",
      "iconName": "alert-error"
    }
  ]
}