{
  "name": "search bar",
  "default": {
    "id": 1,
    "name": "search bar"
  },
  "variants": [
    {
      "id": 2,
      "name": "search bar disabled",
      "isDisabled": true
    },
    {
      "id": 3,
      "name": "search bar readonly",
      "readOnly": true
    },
    {
      "id": 4,
      "name": "search bar with label",
      "label": "label"
    },
    {
      "id": 5,
      "name": "search bar with label disabled",
      "label": "label",
      "isDisabled": true
    },
    {
      "id": 6,
      "name": "search bar with label readonly",
      "label": "label",
      "readOnly": true
    },
    {
      "id": 7,
      "name": "search bar with very long label",
      "label": "Lorem ipsum dolor, sit amet consectetur adipisicing elit. Vitae omnis labore consequatur distinctio provident voluptatum nisi recusandae quod asperiores quo, architecto cum nesciunt nemo, vel minima possimus et blanditiis numquam, cupiditate deserunt fugit delectus earum ducimus alias! Quam atque laborum tempore alias magnam tenetur fuga facere totam, harum, ipsa sit!"
    },
    {
      "id": 8,
      "name": "search bar with very long label disabled",
      "label": "Lorem ipsum dolor, sit amet consectetur adipisicing elit. Vitae omnis labore consequatur distinctio provident voluptatum nisi recusandae quod asperiores quo, architecto cum nesciunt nemo, vel minima possimus et blanditiis numquam, cupiditate deserunt fugit delectus earum ducimus alias! Quam atque laborum tempore alias magnam tenetur fuga facere totam, harum, ipsa sit!",
      "isDisabled": true
    },
    {
      "id": 9,
      "name": "search bar with very long label readonly",
      "label": "Lorem ipsum dolor, sit amet consectetur adipisicing elit. Vitae omnis labore consequatur distinctio provident voluptatum nisi recusandae quod asperiores quo, architecto cum nesciunt nemo, vel minima possimus et blanditiis numquam, cupiditate deserunt fugit delectus earum ducimus alias! Quam atque laborum tempore alias magnam tenetur fuga facere totam, harum, ipsa sit!",
      "readOnly": true
    },
    {
      "id": 10,
      "name": "search bar with placeholder",
      "placeholder": "e.g.: hint"
    },
    {
      "id": 11,
      "name": "search bar with placeholder disabled",
      "placeholder": "e.g.: hint",
      "isDisabled": true
    },
    {
      "id": 12,
      "name": "search bar with placeholder readonly",
      "placeholder": "e.g.: hint",
      "readOnly": true
    },
    {
      "id": 13,
      "name": "search bar with placeholder and label",
      "label": "label",
      "placeholder": "e.g.: hint"
    },
    {
      "id": 14,
      "name": "search bar with placeholder and label disabled",
      "label": "label",
      "placeholder": "e.g.: hint",
      "isDisabled": true
    },
    {
      "id": 15,
      "name": "search bar with placeholder and label readonly",
      "label": "label",
      "placeholder": "e.g.: hint",
      "readOnly": true
    }
  ]
}
