{
  "name": "image",
  "default": {
    "name": "default",
    "altText": "Lorem ipsum dolor sit amet",
    "caption": "Lorem ipsum dolor sit amet, consetetur sadipscing elitr, sed diam nonumy eirmod tempor.",
    "srcSet": [
      {
        "width": 400,
        "source": "https://frok.ui.bosch.tech/cdn/example-image-400w.jpg"
      },
      {
        "width": 800,
        "source": "https://frok.ui.bosch.tech/cdn/example-image-800w.jpg"
      },
      {
        "width": 1600,
        "source": "https://frok.ui.bosch.tech/cdn/example-image-1600w.jpg"
      }
    ],
    "defaultSrc": "https://frok.ui.bosch.tech/cdn/example-image-1600w.jpg"
  },
  "variants": [
    {
      "name": "no caption",
      "altText": "Lorem ipsum dolor sit amet",
      "srcSet": [
        {
          "width": 400,
          "source": "https://frok.ui.bosch.tech/cdn/example-image-400w.jpg"
        },
        {
          "width": 800,
          "source": "https://frok.ui.bosch.tech/cdn/example-image-800w.jpg"
        },
        {
          "width": 1600,
          "source": "https://frok.ui.bosch.tech/cdn/example-image-1600w.jpg"
        }
      ],
      "defaultSrc": "https://frok.ui.bosch.tech/cdn/example-image-1600w.jpg"
    }
  ]
}