{
  "name": "tile",
  "default": {
    "name": "Default Tile with Primary Background",
    "demonstrator": "tileDemonstrator",
    "category": "Category",
    "headline": "Headline",
    "subheadline": "Subheadline"
  },
  "variants": [
    {
      "name": "Tile with Secondary Background",
      "demonstrator": "tileDemonstrator",
      "background": "secondary",
      "category": "Category",
      "headline": "Headline",
      "subheadline": "Subheadline"
    },
    {
      "name": "Tile with Contrast Background",
      "demonstrator": "tileDemonstrator",
      "background": "contrast",
      "category": "Category",
      "headline": "Headline",
      "subheadline": "Subheadline"
    },
    {
      "name": "Tile with Purple Fill",
      "demonstrator": "tileDemonstrator",
      "fill": "purple",
      "category": "Category",
      "headline": "Headline",
      "subheadline": "Subheadline"
    },
    {
      "name": "Tile with Blue Fill",
      "demonstrator": "tileDemonstrator",
      "fill": "blue",
      "category": "Category",
      "headline": "Headline",
      "subheadline": "Subheadline"
    },
    {
      "name": "Tile with Turquoise Fill",
      "demonstrator": "tileDemonstrator",
      "fill": "turquoise",
      "category": "Category",
      "headline": "Headline",
      "subheadline": "Subheadline"
    },
    {
      "name": "Tile with Green Fill",
      "demonstrator": "tileDemonstrator",
      "fill": "green",
      "category": "Category",
      "headline": "Headline",
      "subheadline": "Subheadline"
    },
    {
      "name": "Tile with Image on a Secondary Background",
      "demonstrator": "tileDemonstrator",
      "background": "secondary",
      "category": "Category",
      "headline": "Headline",
      "subheadline": "Subheadline",
      "image": {
        "altText": "Lorem ipsum dolor sit amet",
        "srcSet": [
          {
            "width": 400,
            "source": "https://frok.ui.bosch.tech/cdn/example-image-400w.jpg"
          },
          {
            "width": 800,
            "source": "https://frok.ui.bosch.tech/cdn/example-image-800w.jpg"
          },
          {
            "width": 1600,
            "source": "https://frok.ui.bosch.tech/cdn/example-image-1600w.jpg"
          }
        ],
        "defaultSrc": "https://frok.ui.bosch.tech/cdn/example-image-1600w.jpg"
      }
    },
    {
      "name": "Small Tile on a Contrast Background",
      "demonstrator": "tileDemonstrator",
      "category": "Category",
      "background": "contrast",
      "headline": "Headline",
      "subheadline": "Subheadline",
      "isSmall": true
    }
  ]
}
