{
  "name": "background",
  "default": {
    "name": "primary",
    "type": "primary"
  },
  "variants": [
    {
      "name": "secondary",
      "type": "secondary"
    },
    {
      "name": "contrast",
      "type": "contrast"
    },
    {
      "name": "floating",
      "type": "floating"
    },
    {
      "name": "floating shadow s",
      "type": "floating-shadow-s"
    },
    {
      "name": "floating shadow m",
      "type": "floating-shadow-m"
    },
    {
      "name": "dimmed",
      "demonstrator": "dimmedBackgroundDemonstrator"
    }
  ]
}
