{
  "name": "search input",
  "default": {
    "id": 1,
    "name": "search input"
  },
  "variants": [
    {
      "id": 2,
      "name": "search input disabled",
      "isDisabled": true
    },
    {
      "id": 3,
      "name": "search input readonly",
      "readOnly": true
    },
    {
      "id": 4,
      "name": "search input with label",
      "label": "label"
    },
    {
      "id": 5,
      "name": "search input with label disabled",
      "label": "label",
      "isDisabled": true
    },
    {
      "id": 6,
      "name": "search input with label readonly",
      "label": "label",
      "readOnly": true
    },
    {
      "id": 7,
      "name": "search input with very long label",
      "label": "Lorem ipsum dolor, sit amet consectetur adipisicing elit. Vitae omnis labore consequatur distinctio provident voluptatum nisi recusandae quod asperiores quo, architecto cum nesciunt nemo, vel minima possimus et blanditiis numquam, cupiditate deserunt fugit delectus earum ducimus alias! Quam atque laborum tempore alias magnam tenetur fuga facere totam, harum, ipsa sit!"
    },
    {
      "id": 8,
      "name": "search input with very long label disabled",
      "label": "Lorem ipsum dolor, sit amet consectetur adipisicing elit. Vitae omnis labore consequatur distinctio provident voluptatum nisi recusandae quod asperiores quo, architecto cum nesciunt nemo, vel minima possimus et blanditiis numquam, cupiditate deserunt fugit delectus earum ducimus alias! Quam atque laborum tempore alias magnam tenetur fuga facere totam, harum, ipsa sit!",
      "isDisabled": true
    },
    {
      "id": 9,
      "name": "search input with very long label readonly",
      "label": "Lorem ipsum dolor, sit amet consectetur adipisicing elit. Vitae omnis labore consequatur distinctio provident voluptatum nisi recusandae quod asperiores quo, architecto cum nesciunt nemo, vel minima possimus et blanditiis numquam, cupiditate deserunt fugit delectus earum ducimus alias! Quam atque laborum tempore alias magnam tenetur fuga facere totam, harum, ipsa sit!",
      "readOnly": true
    },
    {
      "id": 10,
      "name": "search input with placeholder",
      "placeholder": "e.g.: hint"
    },
    {
      "id": 11,
      "name": "search input with placeholder disabled",
      "placeholder": "e.g.: hint",
      "isDisabled": true
    },
    {
      "id": 12,
      "name": "search input with placeholder readonly",
      "placeholder": "e.g.: hint",
      "readOnly": true
    },
    {
      "id": 13,
      "name": "search input with placeholder and label",
      "label": "label",
      "placeholder": "e.g.: hint"
    },
    {
      "id": 14,
      "name": "search input with placeholder and label disabled",
      "label": "label",
      "placeholder": "e.g.: hint",
      "isDisabled": true
    },
    {
      "id": 15,
      "name": "search input with placeholder and label readonly",
      "label": "label",
      "placeholder": "e.g.: hint",
      "readOnly": true
    }
  ]
}
