{
  "name": "color input",
  "default": {
    "id": 1,
    "name": "color input"
  },
  "variants": [
    {
      "id": 2,
      "name": "color input with label",
      "label": "Label"
    },
    {
      "id": 3,
      "name": "color input disabled",
      "isDisabled": true
    },
    {
      "id": 4,
      "name": "color input with label disabled",
      "label": "Label",
      "isDisabled": true
    },
    {
      "id": 5,
      "name": "color input with very long label",
      "label": "Lorem ipsum dolor, sit amet consectetur adipisicing elit. Vitae omnis labore consequatur distinctio provident voluptatum nisi recusandae quod asperiores quo, architecto cum nesciunt nemo, vel minima possimus et blanditiis numquam, cupiditate deserunt fugit delectus earum ducimus alias! Quam atque laborum tempore alias magnam tenetur fuga facere totam, harum, ipsa sit!"
    },
    {
      "id": 6,
      "name": "color input with very long label disabled",
      "label": "Lorem ipsum dolor, sit amet consectetur adipisicing elit. Vitae omnis labore consequatur distinctio provident voluptatum nisi recusandae quod asperiores quo, architecto cum nesciunt nemo, vel minima possimus et blanditiis numquam, cupiditate deserunt fugit delectus earum ducimus alias! Quam atque laborum tempore alias magnam tenetur fuga facere totam, harum, ipsa sit!",
      "isDisabled": true
    }
  ]
}
