{
    "name": "popover",
    "default": {
        "name": "Default",
        "paragraph": "Paragraph Text View standard regular Lorem ipsum dolor sit amet, consetetur sadipscing elitr, sed diam nonumy."
    },
    "variants": [
        {
            "name": "With headline",
            "headline": "Optional headline lorem ipsum",
            "paragraph": "Paragraph Text View standard regular Lorem ipsum dolor sit amet, consetetur sadipscing elitr, sed diam nonumy."
        },
        {
            "name": "With headline and close button",
            "headline": "Optional headline lorem ipsum",
            "paragraph": "Paragraph Text View standard regular Lorem ipsum dolor sit amet, consetetur sadipscing elitr, sed diam nonumy.",
            "closeButton": true
        },
        {
            "name": "With close button and action",
            "paragraph": "Paragraph Text View standard regular Lorem ipsum dolor sit amet, consetetur sadipscing elitr, sed diam nonumy.",
            "closeButton": true,
            "buttonLabel": "Learn more"
        },
        {
            "name": "With arrow top left",
            "paragraph": "Paragraph Text View standard regular Lorem ipsum dolor sit amet, consetetur sadipscing elitr, sed diam nonumy.",
            "arrowPosition": "top-left"
        },
        {
            "name": "With arrow top right",
            "paragraph": "Paragraph Text View standard regular Lorem ipsum dolor sit amet, consetetur sadipscing elitr, sed diam nonumy.",
            "arrowPosition": "top-right"
        },
        {
            "name": "With arrow left center",
            "paragraph": "Paragraph Text View standard regular Lorem ipsum dolor sit amet, consetetur sadipscing elitr, sed diam nonumy.",
            "arrowPosition": "left-center"
        },
        {
            "name": "With arrow left top",
            "paragraph": "Paragraph Text View standard regular Lorem ipsum dolor sit amet, consetetur sadipscing elitr, sed diam nonumy.",
            "arrowPosition": "left-top"
        },
        {
            "name": "With arrow left bottom",
            "paragraph": "Paragraph Text View standard regular Lorem ipsum dolor sit amet, consetetur sadipscing elitr, sed diam nonumy.",
            "arrowPosition": "left-bottom"
        },
        {
            "name": "With arrow bottom center",
            "paragraph": "Paragraph Text View standard regular Lorem ipsum dolor sit amet, consetetur sadipscing elitr, sed diam nonumy.",
            "arrowPosition": "bottom-center"
        },
        {
            "name": "With arrow bottom left",
            "paragraph": "Paragraph Text View standard regular Lorem ipsum dolor sit amet, consetetur sadipscing elitr, sed diam nonumy.",
            "arrowPosition": "bottom-left"
        },
        {
            "name": "With arrow bottom right",
            "paragraph": "Paragraph Text View standard regular Lorem ipsum dolor sit amet, consetetur sadipscing elitr, sed diam nonumy.",
            "arrowPosition": "bottom-right"
        },
        {
            "name": "With arrow right center",
            "paragraph": "Paragraph Text View standard regular Lorem ipsum dolor sit amet, consetetur sadipscing elitr, sed diam nonumy.",
            "arrowPosition": "right-center"
        },
        {
            "name": "With arrow right top",
            "paragraph": "Paragraph Text View standard regular Lorem ipsum dolor sit amet, consetetur sadipscing elitr, sed diam nonumy.",
            "arrowPosition": "right-top"
        },
        {
            "name": "With arrow right bottom",
            "paragraph": "Paragraph Text View standard regular Lorem ipsum dolor sit amet, consetetur sadipscing elitr, sed diam nonumy.",
            "arrowPosition": "right-bottom"
        },
        {
            "name": "Without arrow",
            "headline": "Optional headline lorem ipsum",
            "paragraph": "Paragraph Text View standard regular Lorem ipsum dolor sit amet, consetetur sadipscing elitr, sed diam nonumy.",
            "isPopoverArrowMissing": true
        },
        {
            "name": "Attached example",
            "paragraph": "Paragraph Text View standard regular Lorem ipsum dolor sit amet, consetetur sadipscing elitr, sed diam nonumy.",
            "demonstrator": "attachedPopoverDemonstrator"
        },
        {
            "name": "Gallery of attachement positions",
            "paragraph": "Paragraph Text View standard regular Lorem ipsum dolor sit amet, consetetur sadipscing elitr, sed diam nonumy.",
            "demonstrator": "attachedPopoverGalleryDemonstrator"
        }
    ]
}