{
  "name": "link",
  "default": {
    "name": "inline demo",
    "level": "inline",
    "disabled": true,
    "href": "https://www.bosch.com",
    "label": "Link Label",
    "demonstrator": "inlineLinkDemonstrator"
  },
  "variants": [
    {
      "name": "simple label (default with no icons)",
      "ariaLabel": "Open simple label (default with no icons) Link Label",
      "level": "simple",
      "href": "https://www.bosch.com",
      "label": "Link Label"
    },
    {
      "name": "primary label (default with icon right)",
      "ariaLabel": "Open primary label (default with icon right) Link Label",
      "level": "primary",
      "href": "https://www.bosch.com",
      "label": "Link Label"
    },
    {
      "name": "primary label with icon left",
      "ariaLabel": "Open primary label with icon left Link Label",
      "href": "https://www.bosch.com",
      "icon": "emoji-happy",
      "label": "Link Label"
    },
    {
      "name": "primary label disabled",
      "ariaLabel": "Open primary label disabled Link Label",
      "disabled": true,
      "level": "simple",
      "href": "https://www.bosch.com",
      "label": "Link Label"
    },
    {
      "name": "primary label disabled with icon right",
      "ariaLabel": "Open primary label disabled with icon right Link Label",
      "disabled": true,
      "href": "https://www.bosch.com",
      "icon": "emoji-super-happy",
      "iconPosition": "right",
      "label": "Link Label"
    },
    {
      "name": "primary label disabled with icon left",
      "ariaLabel": "Open primary label disabled with icon left Link Label",
      "disabled": true,
      "href": "https://www.bosch.com",
      "icon": "emoji-happy",
      "label": "Link Label"
    },
    {
      "name": "integrated label",
      "ariaLabel": "Open integrated label Link Label",
      "href": "https://www.bosch.com",
      "level": "integrated",
      "label": "Link Label"
    },
    {
      "name": "integrated label with icon right",
      "ariaLabel": "Open integrated label with icon right Link Label",
      "href": "https://www.bosch.com",
      "level": "integrated",
      "icon": "emoji-super-happy",
      "iconPosition": "right",
      "label": "Link Label"
    },
    {
      "name": "integrated label with icon left",
      "ariaLabel": "Open integrated label with icon left Link Label",
      "href": "https://www.bosch.com",
      "level": "integrated",
      "icon": "emoji-super-happy",
      "label": "Link Label"
    },
    {
      "name": "integrated label highlight with icon right, size S",
      "ariaLabel": "Open integrated label highlight with icon right, size S Link Label",
      "href": "https://www.bosch.com",
      "level": "integrated",
      "icon": "nosafe-lr-right-bold-small",
      "iconPosition": "right",
      "label": "Link Label",
      "size": "s",
      "isUiIcon": true,
      "isHighlighted": true
    },
    {
      "name": "integrated label highlight with icon right, size M",
      "ariaLabel": "Open integrated label highlight with icon right, size M Link Label",
      "href": "https://www.bosch.com",
      "level": "integrated",
      "icon": "nosafe-lr-right-bold-small",
      "iconPosition": "right",
      "label": "Link Label",
      "size": "m",
      "isUiIcon": true,
      "isHighlighted": true
    },
    {
      "name": "integrated label highlight with icon right, size L",
      "ariaLabel": "Open integrated label highlight with icon right, size L Link Label",
      "href": "https://www.bosch.com",
      "level": "integrated",
      "icon": "nosafe-lr-right-bold-small",
      "iconPosition": "right",
      "label": "Link Label",
      "size": "l",
      "isUiIcon": true,
      "isHighlighted": true
    },
    {
      "name": "integrated label highlight with icon right, size XL",
      "ariaLabel": "Open integrated label highlight with icon right, size XL Link Label",
      "href": "https://www.bosch.com",
      "level": "integrated",
      "icon": "nosafe-lr-right-bold-small",
      "iconPosition": "right",
      "label": "Link Label",
      "size": "xl",
      "isUiIcon": true,
      "isHighlighted": true
    },
    {
      "name": "integrated label highlight with icon right, size 2XL",
      "ariaLabel": "Open integrated label highlight with icon right, size 2XL Link Label",
      "href": "https://www.bosch.com",
      "level": "integrated",
      "icon": "nosafe-lr-right-bold-small",
      "iconPosition": "right",
      "label": "Link Label",
      "size": "2xl",
      "isUiIcon": true,
      "isHighlighted": true
    },
    {
      "name": "integrated label highlight with icon right, size 3XL",
      "ariaLabel": "Open integrated label highlight with icon right, size 3XL Link Label",
      "href": "https://www.bosch.com",
      "level": "integrated",
      "icon": "nosafe-lr-right-bold-small",
      "iconPosition": "right",
      "label": "Link Label",
      "size": "3xl",
      "isUiIcon": true,
      "isHighlighted": true
    },
    {
      "name": "integrated label highlight with icon right, size 4XL",
      "ariaLabel": "Open integrated label highlight with icon right, size 4XL Link Label",
      "href": "https://www.bosch.com",
      "level": "integrated",
      "icon": "nosafe-lr-right-bold-small",
      "iconPosition": "right",
      "label": "Link Label",
      "size": "4xl",
      "isUiIcon": true,
      "isHighlighted": true
    },
    {
      "name": "integrated label highlight with icon right, size 5XL",
      "ariaLabel": "Open integrated label highlight with icon right, size 5XL Link Label",
      "href": "https://www.bosch.com",
      "level": "integrated",
      "icon": "nosafe-lr-right-bold-small",
      "iconPosition": "right",
      "label": "Link Label",
      "size": "5xl",
      "isUiIcon": true,
      "isHighlighted": true
    },
    {
      "name": "integrated label highlight with icon right, size 6XL",
      "ariaLabel": "Open integrated label highlight with icon right, size 6XL Link Label",
      "href": "https://www.bosch.com",
      "level": "integrated",
      "icon": "nosafe-lr-right-bold-small",
      "iconPosition": "right",
      "label": "Link Label",
      "size": "6xl",
      "isUiIcon": true,
      "isHighlighted": true
    },
    {
      "name": "Look-alike primary button",
      "ariaLabel": "Open Look-alike primary button Link Label",
      "href": "https://www.bosch.com",
      "level": "button",
      "label": "Link Label"
    },
    {
      "name": "Look-alike primary button with icon right",
      "ariaLabel": "Open Look-alike primary button with icon right Link Label",
      "href": "https://www.bosch.com",
      "level": "button",
      "icon": "emoji-happy",
      "iconPosition": "right",
      "label": "Link Label"
    },
    {
      "name": "Look-alike primary button with icon left",
      "ariaLabel": "Open Look-alike primary button with icon left Link Label",
      "href": "https://www.bosch.com",
      "level": "button",
      "icon": "emoji-happy",
      "label": "Link Label"
    },
    {
      "name": "Look-alike secondary button",
      "ariaLabel": "Open Look-alike secondary button Link Label",
      "href": "https://www.bosch.com",
      "level": "button-secondary",
      "label": "Link Label"
    },
    {
      "name": "Look-alike secondary button with icon right",
      "ariaLabel": "Open Look-alike secondary button with icon right Link Label",
      "href": "https://www.bosch.com",
      "level": "button-secondary",
      "icon": "emoji-happy",
      "iconPosition": "right",
      "label": "Link Label"
    },
    {
      "name": "Look-alike secondary button with icon left",
      "ariaLabel": "Open Look-alike secondary button with icon left Link Label",
      "href": "https://www.bosch.com",
      "level": "button-secondary",
      "icon": "emoji-happy",
      "label": "Link Label"
    },
    {
      "name": "large link demo",
      "demonstrator": "largeLinkDemonstrator"
    },
    {
      "name": "line break behavior demo",
      "demonstrator": "linkWithLineBreaksDemonstrator"
    }
  ]
}
