{
  "name": "telephone input",
  "default": {
    "id": 1,
    "name": "telephone input"
  },
  "variants": [
    {
      "id": 2,
      "name": "telephone input disabled",
      "isDisabled": true
    },
    {
      "id": 3,
      "name": "telephone input readonly",
      "readOnly": true
    },
    {
      "id": 4,
      "name": "telephone input with label",
      "label": "Phone no."
    },
    {
      "id": 5,
      "name": "telephone input with label disabled",
      "label": "Phone no.",
      "isDisabled": true
    },
    {
      "id": 6,
      "name": "telephone input with label readonly",
      "label": "Phone no.",
      "readOnly": true
    },
    {
      "id": 7,
      "name": "telephone input with very long label",
      "label": "Lorem ipsum dolor, sit amet consectetur adipisicing elit. Vitae omnis labore consequatur distinctio provident voluptatum nisi recusandae quod asperiores quo, architecto cum nesciunt nemo, vel minima possimus et blanditiis numquam, cupiditate deserunt fugit delectus earum ducimus alias! Quam atque laborum tempore alias magnam tenetur fuga facere totam, harum, ipsa sit!"
    },
    {
      "id": 8,
      "name": "telephone input with very long label disabled",
      "label": "Lorem ipsum dolor, sit amet consectetur adipisicing elit. Vitae omnis labore consequatur distinctio provident voluptatum nisi recusandae quod asperiores quo, architecto cum nesciunt nemo, vel minima possimus et blanditiis numquam, cupiditate deserunt fugit delectus earum ducimus alias! Quam atque laborum tempore alias magnam tenetur fuga facere totam, harum, ipsa sit!",
      "isDisabled": true
    },
    {
      "id": 9,
      "name": "telephone input with very long label readonly",
      "label": "Lorem ipsum dolor, sit amet consectetur adipisicing elit. Vitae omnis labore consequatur distinctio provident voluptatum nisi recusandae quod asperiores quo, architecto cum nesciunt nemo, vel minima possimus et blanditiis numquam, cupiditate deserunt fugit delectus earum ducimus alias! Quam atque laborum tempore alias magnam tenetur fuga facere totam, harum, ipsa sit!",
      "readOnly": true
    },
    {
      "id": 10,
      "name": "telephone input with placeholder",
      "placeholder": "e.g.: hint"
    },
    {
      "id": 11,
      "name": "telephone input with placeholder disabled",
      "placeholder": "e.g.: hint",
      "isDisabled": true
    },
    {
      "id": 12,
      "name": "telephone input with placeholder readonly",
      "placeholder": "e.g.: hint",
      "readOnly": true
    },
    {
      "id": 13,
      "name": "telephone input with placeholder and label",
      "label": "Phone no.",
      "placeholder": "e.g.: hint"
    },
    {
      "id": 14,
      "name": "telephone input with placeholder and label disabled",
      "label": "Phone no.",
      "placeholder": "e.g.: hint",
      "isDisabled": true
    },
    {
      "id": 15,
      "name": "telephone input with placeholder and label readonly",
      "label": "Phone no.",
      "placeholder": "e.g.: hint",
      "readOnly": true
    }
  ]
}
