{
  "name": "chip",
  "default": {
    "name": "default",
    "label": "Label"
  },
  "variants": [
    {
      "name": "image",
      "label": "Label",
      "image": "https://frok.ui.bosch.tech/cdn/shawn.jpg"
    },
    {
      "name": "close button",
      "label": "Label",
      "buttonClose": true
    },
    {
      "name": "close button image",
      "label": "Longer Label",
      "buttonClose": true,
      "image": "https://frok.ui.bosch.tech/cdn/shawn.jpg"
    },
    {
      "name": "fixed",
      "label": "Label",
      "fixedWidth": true
    },
    {
      "name": "close button image fixed",
      "label": "Longer Label",
      "buttonClose": true,
      "image": "https://frok.ui.bosch.tech/cdn/shawn.jpg",
      "fixedWidth": true
    },
    {
      "name": "selected",
      "label": "Label",
      "selected": true
    },
    {
      "name": "dragged",
      "label": "Label",
      "dragged": true
    },
    {
      "name": "disabled",
      "label": "Label",
      "disabled": true
    },
    {
      "name": "disabled selected",
      "label": "Label",
      "selected": true,
      "disabled": true
    },
    {
      "name": "two chips",
      "label": "Label",
      "buttonPair": true
    }
  ]
}