{
  "name": "table cell",
  "default": {
    "name": "default",
    "label": "Neutral"
  },
  "variants": [
    {
      "name": "highlighted",
      "label": "Highlighted",
      "highlighted": true
    },
    {
      "name": "icon",
      "iconName": "emoji-happy",
      "label": ""
    },
    {
      "name": "icon highlighted",
      "highlighted": true,
      "iconName": "emoji-happy",
      "label": ""
    },
    {
      "name": "icon highlighted with label",
      "highlighted": true,
      "iconName": "emoji-happy",
      "label": "Label"
    }
  ]
}
