{
    "name": "dropdown",
    "default": {
        "id": "1",
        "name": "Standard dropdown",
        "options": [
            {
                "name": "Option 1",
                "value": "value1"
            },
            {
                "name": "Option 2",
                "value": "value2"
            },
            {
                "name": "Option 3",
                "value": "value3"
            }
        ]
    },
    "variants": [
        {
            "id": "2",
            "name": "Standard dropdown disabled",
            "disabled": true,
            "options": [
                {
                    "name": "Option 1",
                    "value": "value1"
                },
                {
                    "name": "Option 2",
                    "value": "value2"
                },
                {
                    "name": "Option 3",
                    "value": "value3"
                }
            ]
        },
        {
            "id": "3",
            "name": "Standard dropdown label",
            "label": "Label",
            "options": [
                {
                    "name": "Option 1",
                    "value": "value1"
                },
                {
                    "name": "Option 2",
                    "value": "value2"
                },
                {
                    "name": "Option 3",
                    "value": "value3"
                }
            ]
        },
        {
            "id": "4",
            "name": "Standard dropdown label disabled",
            "label": "Label",
            "disabled": true,
            "options": [
                {
                    "name": "Option 1",
                    "value": "value1"
                },
                {
                    "name": "Option 2",
                    "value": "value2"
                },
                {
                    "name": "Option 3",
                    "value": "value3"
                }
            ]
        },
        {
            "id": "5",
            "name": "Standard dropdown dynamic width",
            "isDynamicWidth": true,
            "options": [
                {
                    "name": "Option 1 is a very very long option",
                    "value": "value1"
                },
                {
                    "name": "Option 2",
                    "value": "value2"
                },
                {
                    "name": "Option 3",
                    "value": "value3"
                }
            ]
        },
        {
            "id": "6",
            "name": "Standard dropdown label dynamic width",
            "label": "Label",
            "isDynamicWidth": true,
            "options": [
                {
                    "name": "Option 1 is a very very long option",
                    "value": "value1"
                },
                {
                    "name": "Option 2",
                    "value": "value2"
                },
                {
                    "name": "Option 3",
                    "value": "value3"
                }
            ]
        }
    ]
}