{
  "name": "text image",
  "default": {
    "name": "H2 with paragraph, image with caption, paragraph",
    "order": "default",
    "headingText": [
      {
        "headline": {
          "level": 2,
          "content": "Text View h2 bold"
        },
        "paragraph": [
          "Lorem ipsum dolor sit amet, consetetur sadipscing elitr, sed diam nonumy eirmod tempor invidunt ut labore et dolore magna aliquyam erat, sed diam voluptua. At vero eos et accusam et justo duo dolores et ea rebum. Stet clita kasd gubergren, no sea takimata sanctus est Lorem ipsum dolor sit amet. Lorem ipsum dolor sit amet, consetetur sadipscing elitr, sed diam nonumy eirmod tempor invidunt ut labore et dolore magna aliquyam erat, sed diam voluptua. At vero eos et accusam et justo duo dolores et ea rebum. Stet clita kasd gubergren, no sea takimata sanctus est Lorem ipsum dolor sit amet."
        ]
      }
    ],
    "image": {
      "altText": "Lorem ipsum dolor sit amet",
      "srcSet": [
        {
          "width": 400,
          "source": "https://frok.ui.bosch.tech/cdn/example-image-400w.jpg"
        },
        {
          "width": 800,
          "source": "https://frok.ui.bosch.tech/cdn/example-image-800w.jpg"
        },
        {
          "width": 1600,
          "source": "https://frok.ui.bosch.tech/cdn/example-image-1600w.jpg"
        }
      ],
      "defaultSrc": "https://frok.ui.bosch.tech/cdn/example-image-1600w.jpg",
      "caption": "Lorem ipsum dolor sit amet, consetetur sadipscing elitr, sed diam nonumy eirmod tempor."
    },
    "paragraph": [
      {
        "paragraph": [
          "Lorem ipsum dolor sit amet, consetetur sadipscing elitr, sed diam nonumy eirmod tempor invidunt ut labore et dolore magna aliquyam erat, sed diam voluptua. At vero eos et accusam et justo duo dolores et ea rebum. Stet clita kasd gubergren, no sea takimata sanctus est Lorem ipsum dolor sit amet. Lorem ipsum dolor sit amet, consetetur sadipscing elitr, sed diam nonumy eirmod tempor invidunt ut labore et dolore magna aliquyam erat, sed diam voluptua. At vero eos et accusam et justo duo dolores et ea rebum. Stet clita kasd gubergren, no sea takimata sanctus est Lorem ipsum dolor sit amet."
        ]
      }
    ]
  },
  "variants": [
    {
      "name": "H2 without paragraph, image without caption, paragraph",
      "order": "default",
      "headingText": [
        {
          "headline": {
            "level": 2,
            "content": "Text View h2 bold"
          }
        }
      ],
      "image": {
        "altText": "Lorem ipsum dolor sit amet",
        "srcSet": [
          {
            "width": 400,
            "source": "https://frok.ui.bosch.tech/cdn/example-image-400w.jpg"
          },
          {
            "width": 800,
            "source": "https://frok.ui.bosch.tech/cdn/example-image-800w.jpg"
          },
          {
            "width": 1600,
            "source": "https://frok.ui.bosch.tech/cdn/example-image-1600w.jpg"
          }
        ],
        "defaultSrc": "https://frok.ui.bosch.tech/cdn/example-image-1600w.jpg"
      },
      "paragraph": [
        {
          "paragraph": [
            "Lorem ipsum dolor sit amet, consetetur sadipscing elitr, sed diam nonumy eirmod tempor invidunt ut labore et dolore magna aliquyam erat, sed diam voluptua. At vero eos et accusam et justo duo dolores et ea rebum. Stet clita kasd gubergren, no sea takimata sanctus est Lorem ipsum dolor sit amet. Lorem ipsum dolor sit amet, consetetur sadipscing elitr, sed diam nonumy eirmod tempor invidunt ut labore et dolore magna aliquyam erat, sed diam voluptua. At vero eos et accusam et justo duo dolores et ea rebum. Stet clita kasd gubergren, no sea takimata sanctus est Lorem ipsum dolor sit amet."
          ]
        }
      ]
    },
    {
      "name": "H2 with paragraph, image with caption and paragraph are ordered right to left",
      "order": "right-to-left",
      "headingText": [
        {
          "headline": {
            "level": 2,
            "content": "Text View h2 bold"
          },
          "paragraph": [
            "Lorem ipsum dolor sit amet, consetetur sadipscing elitr, sed diam nonumy eirmod tempor invidunt ut labore et dolore magna aliquyam erat, sed diam voluptua. At vero eos et accusam et justo duo dolores et ea rebum. Stet clita kasd gubergren, no sea takimata sanctus est Lorem ipsum dolor sit amet. Lorem ipsum dolor sit amet, consetetur sadipscing elitr, sed diam nonumy eirmod tempor invidunt ut labore et dolore magna aliquyam erat, sed diam voluptua. At vero eos et accusam et justo duo dolores et ea rebum. Stet clita kasd gubergren, no sea takimata sanctus est Lorem ipsum dolor sit amet."
          ]
        }
      ],
      "image": {
        "altText": "Lorem ipsum dolor sit amet",
        "srcSet": [
          {
            "width": 400,
            "source": "https://frok.ui.bosch.tech/cdn/example-image-400w.jpg"
          },
          {
            "width": 800,
            "source": "https://frok.ui.bosch.tech/cdn/example-image-800w.jpg"
          },
          {
            "width": 1600,
            "source": "https://frok.ui.bosch.tech/cdn/example-image-1600w.jpg"
          }
        ],
        "defaultSrc": "https://frok.ui.bosch.tech/cdn/example-image-1600w.jpg",
        "caption": "Lorem ipsum dolor sit amet, consetetur sadipscing elitr, sed diam nonumy eirmod tempor."
      },
      "paragraph": [
        {
          "paragraph": [
            "Lorem ipsum dolor sit amet, consetetur sadipscing elitr, sed diam nonumy eirmod tempor invidunt ut labore et dolore magna aliquyam erat, sed diam voluptua. At vero eos et accusam et justo duo dolores et ea rebum. Stet clita kasd gubergren, no sea takimata sanctus est Lorem ipsum dolor sit amet. Lorem ipsum dolor sit amet, consetetur sadipscing elitr, sed diam nonumy eirmod tempor invidunt ut labore et dolore magna aliquyam erat, sed diam voluptua. At vero eos et accusam et justo duo dolores et ea rebum. Stet clita kasd gubergren, no sea takimata sanctus est Lorem ipsum dolor sit amet."
          ]
        }
      ]
    },
    {
      "name": "H2 with paragraph, image without caption and paragraph are ordered left to right",
      "order": "left-to-right",
      "headingText": [
        {
          "headline": {
            "level": 2,
            "content": "Text View h2 bold"
          },
          "paragraph": [
            "Lorem ipsum dolor sit amet, consetetur sadipscing elitr, sed diam nonumy eirmod tempor invidunt ut labore et dolore magna aliquyam erat, sed diam voluptua. At vero eos et accusam et justo duo dolores et ea rebum. Stet clita kasd gubergren, no sea takimata sanctus est Lorem ipsum dolor sit amet. Lorem ipsum dolor sit amet, consetetur sadipscing elitr, sed diam nonumy eirmod tempor invidunt ut labore et dolore magna aliquyam erat, sed diam voluptua. At vero eos et accusam et justo duo dolores et ea rebum. Stet clita kasd gubergren, no sea takimata sanctus est Lorem ipsum dolor sit amet."
          ]
        }
      ],
      "image": {
        "altText": "Lorem ipsum dolor sit amet",
        "srcSet": [
          {
            "width": 400,
            "source": "https://frok.ui.bosch.tech/cdn/example-image-400w.jpg"
          },
          {
            "width": 800,
            "source": "https://frok.ui.bosch.tech/cdn/example-image-800w.jpg"
          },
          {
            "width": 1600,
            "source": "https://frok.ui.bosch.tech/cdn/example-image-1600w.jpg"
          }
        ],
        "defaultSrc": "https://frok.ui.bosch.tech/cdn/example-image-1600w.jpg"
      },
      "paragraph": [
        {
          "paragraph": [
            "Lorem ipsum dolor sit amet, consetetur sadipscing elitr, sed diam nonumy eirmod tempor invidunt ut labore et dolore magna aliquyam erat, sed diam voluptua. At vero eos et accusam et justo duo dolores et ea rebum. Stet clita kasd gubergren, no sea takimata sanctus est Lorem ipsum dolor sit amet. Lorem ipsum dolor sit amet, consetetur sadipscing elitr, sed diam nonumy eirmod tempor invidunt ut labore et dolore magna aliquyam erat, sed diam voluptua. At vero eos et accusam et justo duo dolores et ea rebum. Stet clita kasd gubergren, no sea takimata sanctus est Lorem ipsum dolor sit amet."
          ]
        }
      ]
    }
  ]
}