{
  "name": "tooltip",
  "default": {
    "name": "neutral tooltip",
    "content": "Lorem ipsum dolor sit amet, consetetur sadipscing elitr, sed diam."
  },
  "variants": [
    {
      "name": "neutral tooltip dynamic width",
      "content": "Lorem ipsum dolor sit amet, consetetur sadipscing elitr, sed diam.",
      "width": "dynamic"
    },
    {
      "name": "neutral tooltip fixed width",
      "content": "Lorem ipsum dolor sit amet, consetetur sadipscing elitr, sed diam.",
      "width": "fixed"
    },
    {
      "name": "success tooltip",
      "content": "Lorem ipsum dolor sit amet, consetetur sadipscing elitr, sed diam.",
      "type": "success"
    },
    {
      "name": "success tooltip dynamic width",
      "content": "Lorem ipsum dolor sit amet, consetetur sadipscing elitr, sed diam.",
      "type": "success",
      "width": "dynamic"
    },
    {
      "name": "success tooltip fixed width",
      "content": "Lorem ipsum dolor sit amet, consetetur sadipscing elitr, sed diam.",
      "type": "success",
      "width": "fixed"
    },
    {
      "name": "error tooltip",
      "content": "Lorem ipsum dolor sit amet, consetetur sadipscing elitr, sed diam.",
      "type": "error"
    },
    {
      "name": "error tooltip dynamic width",
      "content": "Lorem ipsum dolor sit amet, consetetur sadipscing elitr, sed diam.",
      "type": "error",
      "width": "dynamic"
    },
    {
      "name": "error tooltip fixed width",
      "content": "Lorem ipsum dolor sit amet, consetetur sadipscing elitr, sed diam.",
      "type": "error",
      "width": "fixed"
    },
    {
      "name": "warning tooltip",
      "content": "Lorem ipsum dolor sit amet, consetetur sadipscing elitr, sed diam.",
      "type": "warning"
    },
    {
      "name": "warning tooltip dynamic width",
      "content": "Lorem ipsum dolor sit amet, consetetur sadipscing elitr, sed diam.",
      "type": "warning",
      "width": "dynamic"
    },
    {
      "name": "warning tooltip fixed width",
      "content": "Lorem ipsum dolor sit amet, consetetur sadipscing elitr, sed diam.",
      "type": "warning",
      "width": "fixed"
    },
    {
      "name": "show tooltip on hover",
      "demonstrator": "hoveringTooltipDemonstrator"
    }
  ]
}
