{
  "name": "email input",
  "default": {
    "id": 1,
    "name": "email input"
  },
  "variants": [
    {
      "id": 2,
      "name": "email input disabled",
      "isDisabled": true
    },
    {
      "id": 3,
      "name": "email input readonly",
      "readOnly": true
    },
    {
      "id": 4,
      "name": "email input with label",
      "label": "label"
    },
    {
      "id": 5,
      "name": "email input with label disabled",
      "label": "label",
      "isDisabled": true
    },
    {
      "id": 6,
      "name": "email input with label readonly",
      "label": "label",
      "readOnly": true
    },
    {
      "id": 7,
      "name": "email input with very long label",
      "label": "Lorem ipsum dolor, sit amet consectetur adipisicing elit. Vitae omnis labore consequatur distinctio provident voluptatum nisi recusandae quod asperiores quo, architecto cum nesciunt nemo, vel minima possimus et blanditiis numquam, cupiditate deserunt fugit delectus earum ducimus alias! Quam atque laborum tempore alias magnam tenetur fuga facere totam, harum, ipsa sit!"
    },
    {
      "id": 8,
      "name": "email input with very long label disabled",
      "label": "Lorem ipsum dolor, sit amet consectetur adipisicing elit. Vitae omnis labore consequatur distinctio provident voluptatum nisi recusandae quod asperiores quo, architecto cum nesciunt nemo, vel minima possimus et blanditiis numquam, cupiditate deserunt fugit delectus earum ducimus alias! Quam atque laborum tempore alias magnam tenetur fuga facere totam, harum, ipsa sit!",
      "isDisabled": true
    },
    {
      "id": 9,
      "name": "email input with very long label readonly",
      "label": "Lorem ipsum dolor, sit amet consectetur adipisicing elit. Vitae omnis labore consequatur distinctio provident voluptatum nisi recusandae quod asperiores quo, architecto cum nesciunt nemo, vel minima possimus et blanditiis numquam, cupiditate deserunt fugit delectus earum ducimus alias! Quam atque laborum tempore alias magnam tenetur fuga facere totam, harum, ipsa sit!",
      "readOnly": true
    },
    {
      "id": 10,
      "name": "email input with placeholder",
      "placeholder": "Write your email here"
    },
    {
      "id": 11,
      "name": "email input with placeholder disabled",
      "placeholder": "Write your email here",
      "isDisabled": true
    },
    {
      "id": 12,
      "name": "email input with placeholder readonly",
      "placeholder": "Write your email here",
      "readOnly": true
    },
    {
      "id": 13,
      "name": "email input with placeholder and label",
      "label": "label",
      "placeholder": "Write your email here"
    },
    {
      "id": 14,
      "name": "email input with placeholder and label disabled",
      "label": "label",
      "placeholder": "Write your email here",
      "isDisabled": true
    },
    {
      "id": 15,
      "name": "email input with placeholder and label readonly",
      "label": "label",
      "placeholder": "Write your email here",
      "readOnly": true
    }
  ]
}
