{
  "name": "tab navigation",
  "default": {
    "name": "tabs with labels",
    "tabs": [
      {
        "identifier": 1,
        "label": "Tab 1"
      },
      {
        "identifier": 2,
        "label": "Tab 2"
      },
      {
        "identifier": 3,
        "label": "Tab 3"
      },
      {
        "identifier": 4,
        "label": "This is a Tab with a long label"
      },
      {
        "identifier": 5,
        "label": "This is another Tab with a long label"
      },
      {
        "identifier": 6,
        "label": "This is the last Tab with a long label"
      }
    ]
  },
  "variants": [
    {
      "name": "tabs with labels and icons",
      "tabs": [
        {
          "identifier": 7,
          "label": "Tab 7",
          "icon": "emoji-happy"
        },
        {
          "identifier": 8,
          "label": "Tab 8",
          "icon": "emoji-happy"
        },
        {
          "identifier": 9,
          "label": "Tab 9",
          "icon": "emoji-happy"
        },
        {
          "identifier": 10,
          "label": "This is a Tab with an icon and a long label",
          "icon": "emoji-happy"
        },
        {
          "identifier": 11,
          "label": "This is another Tab with an icon and a long label",
          "icon": "emoji-happy"
        },
        {
          "identifier": 12,
          "label": "This is the last Tab with an icon and a long label",
          "icon": "emoji-happy"
        }
      ]
    },
    {
      "name": "tabs with icons",
      "tabs": [
        {
          "identifier": 13,
          "icon": "emoji-happy",
          "isOnlyIcon": true
        },
        {
          "identifier": 14,
          "icon": "battery-2",
          "isOnlyIcon": true
        },
        {
          "identifier": 15,
          "icon": "books",
          "isOnlyIcon": true
        },
        {
          "identifier": 16,
          "icon": "clock",
          "isOnlyIcon": true
        },
        {
          "identifier": 17,
          "icon": "delivery",
          "isOnlyIcon": true
        },
        {
          "identifier": 18,
          "icon": "externallink",
          "isOnlyIcon": true
        },
        {
          "identifier": 19,
          "icon": "glossary",
          "isOnlyIcon": true
        },
        {
          "identifier": 20,
          "icon": "emoji-happy",
          "isOnlyIcon": true
        },
        {
          "identifier": 21,
          "icon": "battery-2",
          "isOnlyIcon": true
        },
        {
          "identifier": 22,
          "icon": "books",
          "isOnlyIcon": true
        },
        {
          "identifier": 23,
          "icon": "clock",
          "isOnlyIcon": true
        },
        {
          "identifier": 24,
          "icon": "delivery",
          "isOnlyIcon": true
        },
        {
          "identifier": 25,
          "icon": "externallink",
          "isOnlyIcon": true
        },
        {
          "identifier": 26,
          "icon": "glossary",
          "isOnlyIcon": true
        },
        {
          "identifier": 27,
          "icon": "emoji-happy",
          "isOnlyIcon": true
        },
        {
          "identifier": 28,
          "icon": "battery-2",
          "isOnlyIcon": true
        },
        {
          "identifier": 29,
          "icon": "books",
          "isOnlyIcon": true
        },
        {
          "identifier": 30,
          "icon": "clock",
          "isOnlyIcon": true
        },
        {
          "identifier": 31,
          "icon": "delivery",
          "isOnlyIcon": true
        },
        {
          "identifier": 32,
          "icon": "externallink",
          "isOnlyIcon": true
        },
        {
          "identifier": 33,
          "icon": "glossary",
          "isOnlyIcon": true
        },
        {
          "identifier": 34,
          "icon": "emoji-happy",
          "isOnlyIcon": true
        },
        {
          "identifier": 35,
          "icon": "battery-2",
          "isOnlyIcon": true
        },
        {
          "identifier": 36,
          "icon": "books",
          "isOnlyIcon": true
        },
        {
          "identifier": 37,
          "icon": "clock",
          "isOnlyIcon": true
        },
        {
          "identifier": 38,
          "icon": "delivery",
          "isOnlyIcon": true
        },
        {
          "identifier": 39,
          "icon": "externallink",
          "isOnlyIcon": true
        },
        {
          "identifier": 40,
          "icon": "glossary",
          "isOnlyIcon": true
        }
      ]
    },
    {
      "name": "tabs with labels and icons, 3rd disabled",
      "tabs": [
        {
          "identifier": 41,
          "label": "This is a Tab",
          "icon": "emoji-happy"
        },
        {
          "identifier": 42,
          "label": "This is another Tab",
          "icon": "emoji-happy"
        },
        {
          "identifier": 43,
          "label": "This is the 3rd Tab",
          "icon": "emoji-happy",
          "isDisabled": true
        },
        {
          "identifier": 44,
          "label": "This is a Tab with an icon and a long label",
          "icon": "emoji-happy"
        },
        {
          "identifier": 45,
          "label": "This is another Tab with an icon and a long label",
          "icon": "emoji-happy"
        },
        {
          "identifier": 46,
          "label": "This is the last Tab with an icon and a long label",
          "icon": "emoji-happy"
        }
      ]
    },
    {
      "name": "tab links with labels",
      "tabs": [
        {
          "type": "link",
          "href": "#tab-links-with-labels",
          "identifier": 47,
          "label": "This is a Tab Link"
        },
        {
          "type": "link",
          "href": "#tab-links-with-labels",
          "identifier": 48,
          "label": "This is another Tab Link"
        },
        {
          "type": "link",
          "href": "#tab-links-with-labels",
          "identifier": 49,
          "label": "This is the 3rd Tab Link"
        },
        {
          "identifier": 50,
          "label": "This is a Tab Link with an icon and a long label",
          "icon": "emoji-happy"
        },
        {
          "identifier": 51,
          "label": "This is another Tab Link with an icon and a long label",
          "icon": "emoji-happy"
        },
        {
          "identifier": 52,
          "label": "This is the last Tab Link with an icon and a long label",
          "icon": "emoji-happy"
        }
      ]
    },
    {
      "name": "tab links with labels and icons",
      "tabs": [
        {
          "type": "link",
          "href": "#tab-links-with-labels-and-icons",
          "identifier": 53,
          "label": "This is a Tab Link",
          "icon": "emoji-happy"
        },
        {
          "type": "link",
          "href": "#tab-links-with-labels-and-icons",
          "identifier": 54,
          "label": "This is another Tab Link",
          "icon": "emoji-happy"
        },
        {
          "type": "link",
          "href": "#tab-links-with-labels-and-icons",
          "identifier": 55,
          "label": "This is the 3rd Tab Link",
          "icon": "emoji-happy"
        },
        {
          "identifier": 56,
          "label": "This is a Tab Link with an icon and a long label",
          "icon": "emoji-happy"
        },
        {
          "identifier": 57,
          "label": "This is another Tab Link with an icon and a long label",
          "icon": "emoji-happy"
        },
        {
          "identifier": 58,
          "label": "This is the last Tab Link with an icon and a long label",
          "icon": "emoji-happy"
        }
      ]
    },
    {
      "name": "tab links with labels and icons, 3rd disabled",
      "tabs": [
        {
          "type": "link",
          "href": "#tab-links-with-labels-and-icons-3rd-disabled",
          "identifier": 59,
          "label": "This is a Tab Link",
          "icon": "emoji-happy"
        },
        {
          "type": "link",
          "href": "#tab-links-with-labels-and-icons-3rd-disabled",
          "identifier": 60,
          "label": "This is another Tab Link",
          "icon": "emoji-happy"
        },
        {
          "type": "link",
          "href": "#tab-links-with-labels-and-icons-3rd-disabled",
          "identifier": 61,
          "label": "This is the 3rd Tab Link",
          "icon": "emoji-happy",
          "isDisabled": true
        },
        {
          "identifier": 62,
          "label": "This is a Tab Link with an icon and a long label",
          "icon": "emoji-happy"
        },
        {
          "identifier": 63,
          "label": "This is another Tab Link with an icon and a long label",
          "icon": "emoji-happy"
        },
        {
          "identifier": 64,
          "label": "This is the last Tab Link with an icon and a long label",
          "icon": "emoji-happy"
        }
      ]
    },
    {
      "name": "Demo: simple tabbed content",
      "demonstrator": "simpleTabbedContentDemonstrator"
    }
  ]
}
