{
  "name": "video",
  "default": {
    "name": "default",
    "sources": [
      {
        "type": "mp4",
        "src": "https://frok.ui.bosch.tech/cdn/videos/example-video-clip-autoplay-mute.mp4"
      },
      {
        "type": "webm",
        "src": "https://frok.ui.bosch.tech/cdn/videos/example-video-clip-autoplay-mute.webm"
      },
      {
        "type": "ogv",
        "src": "https://frok.ui.bosch.tech/cdn/videos/example-video-clip-autoplay-mute.ogv"
      }
    ]
  },
  "variants": [
    {
      "name": "default caption",
      "caption": "Lorem ipsum dolor sit amet, consetetur sadipscing elitr, sed diam nonumy eirmod tempor invidunt.",
      "sources": [
        {
          "type": "mp4",
          "src": "https://frok.ui.bosch.tech/cdn/videos/example-video-clip-autoplay-mute.mp4"
        },
        {
          "type": "webm",
          "src": "https://frok.ui.bosch.tech/cdn/videos/example-video-clip-autoplay-mute.webm"
        },
        {
          "type": "ogv",
          "src": "https://frok.ui.bosch.tech/cdn/videos/example-video-clip-autoplay-mute.ogv"
        }
      ]
    }
  ]
}