{
  "name": "icon",
  "default": {
    "name": "single icon",
    "iconName": "emoji-happy",
    "titleText": "Lorem Ipsum"
  },
  "variants": [
    {
      "name": "ui icons",
      "titleText": "Lorem Ipsum",
      "demonstrator": "uiIconsDemonstrator"
    },
    {
      "name": "ui icons rtl",
      "titleText": "Lorem Ipsum",
      "isRtl": true,
      "demonstrator": "uiIconsDemonstrator"
    },
    {
      "name": "all icons",
      "titleText": "Lorem Ipsum",
      "demonstrator": "allIconsDemonstrator"
    }
  ]
}
